ID,ANKRD17,ASCC3,ATXN7,CDC40,CEBPZ,CLASRP,CLTC,CNOT1,DDX21,DDX3X,DDX6,DYNC1LI2,G3BP2,GTF2I,HEATR1,HELZ,HLTF,HUWE1,IPO7,IREB2,ITGB1,KIF1B,LSM7,MRPL12,MRPL41,OTUD4,PAPOLG,PICALM,PKN2,POLR2B,PRKDC,PRPF4B,PUM1,PUM2,RANBP2,RC3H2,RDX,RECQL,REST,ROCK2,SETX,SF3B1,SMG1,SNRNP70,SON,SPAG9,SPEN,TNPO1,TNRC6B,TRIP12,UBR5,USP24,USP9X,YTHDF3,ZBTB11,ZFR,Prediction
GSM1045208,-0.428800264927533,-0.64434115184052,-0.883127277215814,-0.787952422176083,-0.334283393984648,-0.649047930449091,4.52256590998629,-0.358145764931619,0.600285770259873,-0.082100383532536,-0.426660705988398,-0.900773298185268,-0.301768675152318,-0.775676442235089,-0.554602953724206,-0.426134160147668,-0.210502633198602,0.681182130266742,1.38318435883125,-0.826718684349944,0.958224191084392,-0.76009651408308,0.0673784862335031,-1.33514580782964,2.08928783468349,-0.555813160944389,-0.822440629738637,0.199276476085994,-0.40897884006959,0.464372029514655,0.983309687251514,-0.384768751571903,-0.0642027370298636,1.73397122638047,0.0761793125887785,-0.772816541080694,-0.80326832997235,-0.521220459171547,-0.324439917361214,-0.602106532455508,-0.428773158285602,2.11968755541552,-0.343687944808123,1.52292509999878,0.914000898836879,-0.253199109671587,-0.59748766867195,-0.0256003213035037,-0.813626494664434,0.322364927549002,0.537077233881757,-0.666015198694972,0.732053457600654,0.249296534858281,-0.62793491651378,-0.454363945346112,0
GSM1045209,-0.562287629478936,-0.563048602535401,-0.865706079490138,-0.51560674001525,-0.229331742585937,-0.0646497022672798,3.8024819356662,-0.042698624345249,0.112136705355963,-0.0467593220346369,-0.176152851587366,-0.339255935447542,-0.250047609147508,-0.630480502734832,0.33531762640633,-0.55528812529625,-0.725329279283456,0.900023895272225,0.129333811269059,-0.688870034902275,1.25365557935681,-0.654115526116401,0.800948531461924,-0.259211692464045,4.36013428030722,-0.565896343190491,-0.5997698345542,-0.0571193193306991,-0.965962395300915,-0.144155097615648,-0.131216360459161,-0.339547939767616,-0.039584112062006,0.513308817511879,-0.329559590328905,-0.612902583932887,-0.663138679906951,-0.46425990559314,-0.220866709401366,-0.790224338513133,-0.173383221119866,1.68982567795081,-0.560915139820561,2.15214714549718,0.230696627290377,-0.247504597041735,-0.260098450116662,-0.403189623063272,-0.582181236046228,-0.426934052945877,-0.721136515124505,-0.056203705635303,-0.0189741854216391,-0.226946722509469,-0.463729431001015,0.954229456189774,0
GSM1045210,-0.538315504687552,-0.649786573350115,-0.787466130867546,-0.557994859959343,0.0860222573746448,-0.513646069295626,4.97370581548421,-0.576930500711005,-0.00476777320628012,-0.191990570598652,0.104442531915635,-1.05229839599859,-0.439080916942766,-0.737085466442492,-0.405939581808296,-0.342136386118932,-0.106378690564483,0.415087448939386,0.874276595676075,-0.554693168867856,0.413541587953738,-0.739764002378261,0.681841726913999,-0.931601220601206,3.14439342925342,-0.33704602918249,-0.702138034508494,0.265162317469973,-0.522033040671458,-0.0235049033136301,0.897941777398623,-0.229565375886792,-0.222030087431029,1.26152274194889,0.00570348744496143,-0.76863460938378,-0.667259062836726,-0.446088265455802,-0.206633298114602,-0.745361168445925,-0.504675034282248,1.49996769923129,-0.247634294699666,1.68883199074359,0.432057978683886,-0.25648256520736,-0.542389438622565,-0.355134755187982,-0.609227970988931,0.231741059867315,0.0886409388834282,-0.62968160745786,0.381119634453466,0.149250245188455,-0.52150213005462,0.0716462193059747,0
GSM1045212,-0.0245679993207095,-0.545333578236717,-0.841357428670041,-0.551827790003661,-1.4096831375605,-0.594569344479376,3.14482697050163,0.955820630348652,1.75994413943025,1.00528444380998,0.101482825784913,-0.711105186813066,0.113125902555792,-0.738604041459442,-0.23348248838035,-0.665056015002415,-0.666512182591235,1.06258346422874,0.853976532122218,-0.905334768925419,1.13349331975726,-0.347065616899273,0.572973051195969,-0.2280946512258,2.19353167884553,-0.769250051237922,-0.780509931463721,1.51040157053262,-0.695498120113355,0.714970948214989,2.44907978262275,-0.427082890305913,1.15987212769076,0.232628714957199,-1.20434182217823,-0.695280298492056,0.161336393315997,-0.809635589756872,-0.721488452054374,-0.620254214968341,-0.374396558227644,-0.762174098471868,-0.924623389641444,1.62883867935342,-0.00503508610825201,-0.187462514497337,-0.593121713642372,-0.537554426814162,-1.01300857624844,-0.390096254680971,-0.474558900036394,-0.520626178634959,-0.615541017992958,1.39042951859519,-0.790287643120854,0.229821264392583,1
GSM1045214,-0.314646859998139,-0.821886686611887,-0.823386572059727,-0.440070419443127,-0.11089866881259,-0.425218090117738,3.65481222433586,0.0427909200871487,0.573348643805151,0.886931285012332,0.416670800202513,-1.09361731452477,0.036696973342484,-0.855114834677616,-0.401270727672878,-0.761432583838977,-0.484852859688528,0.0371391512025654,1.87364933282142,-0.571755702079195,-1.87985924220027,-1.26107865784636,0.778426829388491,-1.09915161157503,2.82403873720847,-0.678533873762332,-0.917568373748158,0.592579185407422,-0.621846480888096,0.495113600889493,-0.213782059015785,-0.208439749597439,-0.00302776928132022,0.980163444629165,0.27664038579455,-0.408265398427286,-0.825306511574647,0.00667030889335575,-0.46180769818811,-0.355745809047697,0.0949065568514075,2.21171523822874,-0.698336617723601,1.8302610145532,1.19732796037123,-0.768684416761735,-0.305450008811116,-0.0231644696889632,-0.809118338866312,0.559744980247756,-0.535078676828652,0.0638124937880839,0.159880941039953,-0.0534965560115894,-0.334804428813992,-0.0266229399171204,0
GSM1045217,0.412768386593956,0.0547257330071142,0.00389540675568795,-0.43616299964879,0.333788700119929,0.813699147218631,0.875889941337514,-0.423336254973127,-0.44132754464155,0.782887117915697,1.0850858066122,0.222852256682654,-0.871249270458204,-0.113349998990562,0.708918118234834,-0.496787127814055,-1.36871401273341,-0.0510222071460065,-0.990921128478743,-0.131556318120138,-0.55589507843903,-0.417101462517368,-1.04616930805531,-0.908257071011601,4.48880778738549,-0.226574235754425,-0.326022555677487,-0.206301003278687,-0.292846751148054,-0.507017285219399,-0.554003925696337,-0.58733030448978,-0.886887351187576,0.286869914000765,-0.155965681612932,-0.172620625435982,-0.703186982125115,-0.123223687324794,-0.455229826115555,-0.232336349021421,-0.356518524119902,-0.234684319961059,-0.468340772032341,4.22454956469581,0.319064478127967,-0.244553490085928,-0.126546346318885,-0.539049522170454,-0.229424880000365,-0.0407463048262334,-0.320347719070253,0.520694684253892,0.263458831322415,-0.311443774540835,-0.15270879854052,1.30780492451766,0
GSM1045218,-0.104480542626863,-0.754912798259046,-0.91883240782834,-0.844548100888072,-0.231415498718882,-0.845611047985894,2.71547222830586,0.87714768335068,2.63018729157706,0.195784535346406,0.0192686585765766,-0.0636418005691792,-0.0708815857491142,-0.882639547296591,0.0747274800273596,-0.529420447734123,-0.748866103480977,0.630898997265202,1.59201087581402,-0.867873789284541,0.583110771179213,-0.67918223720767,1.3731701486057,-0.45724373015871,3.66672823721581,-0.546490593976591,-0.70038489769093,0.841719738051,-0.822264706847547,0.619718644667273,1.13495250915891,-0.468294333541503,-0.061346152910841,0.900271516130715,-0.731123253985934,-0.14506429166571,-0.599356118138591,-1.24183537563958,-0.67192231405248,-0.260758613469859,-0.472587213910209,0.916872011452742,-0.887033514869573,-0.0596527672360821,0.784277593803479,-0.813347852316985,-0.877591272404685,-0.571823053011194,-0.946452135983619,0.0434438151197827,0.227885066791865,-0.770901844655105,-0.516776171456332,0.848655615791943,-0.797019680870553,0.28527237819031,1
GSM1045219,-0.0561378831620203,-0.732011665592632,-0.983512277660437,-0.957394994283737,0.0654770095840967,-0.92353445954684,3.1741993721307,0.0729981257188346,2.46190652688492,0.309853201823151,-0.187432013979417,-0.225646742148466,-0.131887506073001,-1.00220963929347,0.0958511909472012,-0.844797416280162,-0.720274364455594,0.193493346707404,1.86008884676862,-0.857486241999203,0.942582234643571,-0.809594599845395,1.16030949157964,-0.671085050461242,2.86649154176701,-0.784677287681876,-0.896415962073531,1.14102515570114,-0.67415532424084,0.773856506088034,0.866421179283279,-0.538109005908176,-0.0609686923871313,1.26214525004902,-0.321249712871954,-0.563288497442123,-0.603803883166605,-0.67781039351026,-0.657863943066534,-0.262140961745725,-0.510142570112983,1.34443350837896,-0.743104057847132,-0.00489962800546384,0.844791259071344,-0.881610899909427,-0.962916099330343,-0.471765013179326,-1.07458163750159,0.278221197469937,1.00447121829836,-0.575481905652965,-0.333118828525872,0.192264831012513,-0.873684498495758,0.663912663529496,1
GSM1045221,0.0025503220250373,0.187892106601186,-0.780398168770249,0.37899858321813,0.543538108124929,-0.489251683757977,4.31406518992666,0.664114088081521,-0.162697173145264,0.969759937333565,0.113343190574404,0.688699820450331,-0.523787276479518,-0.623448892722625,-0.0749142296747408,-0.640638452165739,-0.566971384293905,1.11360238012432,-1.87705925863467,-0.593413354519811,1.58395291749521,-0.578033910158041,1.07999915399371,-0.395033910256083,1.05449227223394,-0.305887224334852,-0.825824693488035,0.141260151536026,-0.71138240533012,-0.0915770256797992,1.68298424521781,-0.835181636757659,0.00529623832838123,0.646714858861238,-1.17924622299948,-0.544562213100163,-0.0776156883711133,-0.213196113906955,-0.373400194938638,-0.783937257382685,-0.52920403100934,1.62291403191568,-0.58789174067187,2.65249552857751,-0.25592921804171,-0.495969835875215,-0.364001623300146,-0.322127033954237,-0.75435201640559,-0.873485068061233,-0.300366557598545,-0.35616124589578,-0.629819698713786,-0.161821016068312,-0.854243749344832,0.28615808118912,1
GSM1045222,0.160639860207571,-0.554656418894047,-0.871329267662576,-0.799199970114147,-0.0656208860022348,-0.863345369380926,4.20712435128583,0.132644025703548,0.133508052718479,-0.142451117767512,0.0399153024490387,-0.0698508637301728,-0.165253905979363,-0.901027011989103,-0.251542258772528,-1.05860399526455,-0.72696856499812,0.465810621609606,1.4337892051868,-0.699697952677482,0.652545903485841,-0.853877736493588,0.0288274805833325,-0.625328461467003,3.37212265940476,-0.692292458220263,-0.942426771025782,0.712295862690074,-0.757567693554465,0.374753922708599,1.61794028458536,-0.331327114825466,0.028780074782883,0.914979463268849,0.0389614455081572,-0.798987378186087,-0.254923857000818,-0.35430172198873,-0.417366565377515,-0.880863612000295,-0.482715351974388,2.09871631302633,-0.774406634355799,0.0391366261679865,0.896592161926818,0.00744995859304831,-0.317113965241697,-0.479182064003401,-0.861226188729285,0.375891543135103,0.0958523179033968,-0.618270453829567,-0.142738032569102,0.584540559906416,-0.755553080160552,0.0971987273987402,0
GSM1045224,-0.123935174032293,-0.501139209022966,-0.528922137121694,-0.437143873217779,-0.314892240214421,-0.13298304639739,1.71839777646822,0.644352859622247,0.248947652931268,0.131604671017246,0.407963192829763,-0.395445359420855,-0.0182074749982515,-0.621919290504958,-0.0331125582763183,-0.496922132795976,-1.32271093010245,1.35361152080998,-0.0756564059936383,-0.714733276116754,-0.117044680893576,-0.445205411111401,1.94158578535621,0.780686675977117,5.14769868347226,-0.405079323915646,-0.420307925856297,1.11644589074386,-0.328115837825234,-0.154020014545251,-0.175051014293208,-0.577141612900703,0.166173996246491,-0.0872727478677793,-0.524366491032464,-0.592304788387324,-0.317954398380585,-0.587408403687061,-0.315553583286132,-0.622925854160874,0.0254744346977324,0.0185938118000487,-0.491256414431826,2.66562478470987,-0.522901573370573,-0.619189894587729,-0.262258330657258,-0.303458072102777,-0.38170692374842,-0.389869958289857,-1.3625352179711,-0.241712768074481,-0.240544883782193,0.472750513757176,-0.397926361009885,-0.239076656054119,0
GSM1045225,-0.48267674044319,-1.01258318239759,-1.13817803715037,-1.03222899921626,0.325199853474751,-0.354237505696931,2.99733356073535,-0.306026004362482,1.57614417827529,1.36993777663981,0.815974281582675,-0.0496475146120317,-0.615723865139124,-0.780051662503913,-0.430527340983304,-1.03984074483201,-0.31123610425992,0.580871229371285,2.08772536137886,-0.680945570040926,0.150719293993906,-0.78831616803054,-0.502434541308883,-0.732103731732255,0.56412769042118,-0.74973266744824,-0.901476150854582,1.11753621003299,-0.18112575829868,-0.311314613367374,2.04486253591714,0.206200345529086,0.0876338014038292,1.32316289749565,-0.258560256710302,-0.776476648882383,0.366465551720382,-0.103661788787111,-0.767597895897421,-0.480938998126667,-0.82629576562883,0.573296974120108,-0.321406762030546,2.50844215944858,2.36881682598302,-0.58306015405015,-0.930769356293188,-0.39402791257691,-1.11251108678166,-0.675573940552667,-0.240133393839083,-0.33687347082571,-0.301360607829547,-0.336536507092443,-0.793571970443024,0.575312891502357,1
GSM1045226,-0.495612449087894,-0.825218794816723,-0.923000476762302,-0.676568529941556,-0.0623520671245269,-0.618276018864875,3.17749565474881,-0.624289024823346,0.581975627805283,0.667732503186299,0.261421565367975,-0.547195601922981,-0.365726417771709,-0.892906726643227,-0.822063755715708,-0.560045315240181,-0.564405525682656,0.415348073845785,1.51948149805397,-0.751417301187467,1.15710716828203,-0.853678538631733,0.845875952205674,-1.04030311049326,4.10936053614772,-0.730621636755105,-0.890456409338546,1.20811365675647,-0.200511895722764,0.361073766423758,0.492038803335941,-0.371160622700538,0.286525668991553,1.03862025616699,-0.174292595268072,-0.689363375139885,-0.526017184742087,-0.235618946725825,-0.450658028414908,-0.507796779373597,-0.42652344607326,1.40040859773166,-0.512092181500211,1.81024738068213,0.725614018528573,-0.619517022178595,-0.697396536276981,-0.522567023673607,-0.920021078302573,0.22702575605854,0.0521535109901416,-0.33518429614418,0.0924619599380206,-0.0936795534220149,-0.691412789669329,-0.2121308991151,0
GSM1045227,0.390822588901204,-0.807417884716564,-0.955999228128799,-0.671798533035239,-0.548884457540247,-0.354404303126975,3.20612262392911,0.710557389656337,3.56493735943264,0.990680084840453,-0.501754322828253,-0.353642237502635,0.307074536386107,-1.06496376369139,-0.453039045414103,-0.726867322541226,-0.639614909597456,0.602242843051404,-0.606746373658226,-0.807725102199063,0.94929726934975,-0.695213878729415,1.32384449213806,0.246190926961816,2.99068884887479,-0.626463210927646,-0.776065205193367,0.463724215186853,-0.51917510307929,1.29035134009624,-0.45140135577761,-0.0193357732091263,-0.19383844184002,0.852905414205441,-0.0755143712694509,-0.698781594099578,-0.946460280770292,-1.07623042552443,-0.437426668554917,-0.881915837270577,-0.544781279430683,1.03087277954218,-0.401938766822351,0.79961935628543,0.0436410581497558,0.278447605100039,-0.41332360401736,-0.325176731223,-0.902787241394107,0.0346972579144852,-0.586237603958252,-0.19627559695865,-0.281199022185565,0.0360505416674461,-0.468514118632104,-0.101854936821567,0
GSM1045228,0.0771248584709863,-0.808987493360772,-0.789736482818186,-0.631567056895379,0.1343844547056,-0.225893187760316,3.59269523176219,-0.633520887616564,-0.316714071534396,1.25039289948934,1.12063368004599,-0.243214534703155,0.205520519548398,-0.84879265740733,-0.35291366287437,-0.79741073317938,-0.928608666953235,0.776039901258042,1.19584455983089,-0.596166873786892,0.603231129142427,-0.786396921073881,0.128950907599293,-1.0175620126643,4.00791646636625,-0.715027828903092,-0.830566966563111,0.970166435023788,-0.333477749333719,0.33832265355695,-0.403803430519418,-0.564374395931761,0.273061664999437,0.432484781858077,0.153953990613553,-0.669674934248603,-0.553930988448981,-0.487601271442007,-0.331086030442332,-1.04442810578852,-0.437885140622427,1.66997478538144,-0.748487162913541,1.53356438788083,0.643672919644705,-0.528719015249704,-0.404869571472176,0.296737392140475,-0.804355357012319,0.105276110719047,-0.294118168761963,-0.915202771178954,0.225535364459095,-0.137304364241952,-0.519260222503988,-0.0338263762900969,0
GSM1045229,0.0271205988218259,-0.741650650350099,-1.08803223401923,-0.698632969466825,0.0594911693795561,-0.785058805334833,3.65709705309094,0.0219681624873063,1.00821159163386,1.09724754160027,-0.394713017618704,-0.512865262069154,0.0833060216312115,-1.04048209939337,-0.78818482902253,-0.922795750968383,-0.925046660184502,0.436190545530008,0.281996817266907,-0.615045203245071,2.29938655151225,-0.718340927592043,0.279119937277471,-0.725347132556088,3.02354933712435,-0.698532532358155,-0.974157272359843,1.73810224658516,0.316138061409982,1.31680642708117,0.0111210638001901,-0.228797630379343,0.406033279456969,0.80086158248353,-0.281413023727573,-0.696625672868134,-0.0975417781793311,-0.49112947588419,-0.559770361869894,-0.637293464273796,-0.205358497125689,1.1803215083473,-0.63871720331396,0.970754284148418,0.651800636136633,-0.657911435267356,-0.538676308933641,-0.285258734065823,-1.07399435000412,0.356745360265972,-0.676234521437705,-0.693264462755914,-0.208209268448548,-0.342619844763705,-0.890922652283887,0.809254255050171,0
GSM1045231,-0.238001163288982,-0.688067452427809,-0.740494875068395,-0.67040247359404,-0.800388071576823,-0.694555175218347,4.30968811614469,0.637319459201136,0.768107818057644,1.19058697911736,-0.00277204959659017,0.162522839665299,0.467771212964906,-0.829585092618613,-0.633267428302636,-0.877416249732822,-1.01095331589787,0.968619274016995,0.972454856732349,-0.692627345413612,0.962058189322515,-0.924447758549318,0.0244939738854589,-0.732659222700928,1.9065116550942,-0.524353375355145,-0.908314715374206,1.16359106699305,-0.640878085834189,0.724603230030567,-0.281195183864321,-0.0681211186831197,0.384887786542604,1.04272141553685,-0.465743909016421,-0.784657858897811,-0.43947816353481,-0.754894246295849,-0.684530164875588,-0.562051820532983,-0.129259491149002,1.26060926226348,-0.467261385653744,2.63938997710602,-0.0188513941136369,-0.690624074723787,-0.663516158439725,-0.0219081026246814,-1.08632452803897,0.589455936188764,-0.528675263496418,-0.469953696648812,0.311182517969586,0.362958691743042,-0.904298710501733,-0.219005136934786,0
GSM1045234,0.696470667711488,-0.382379231114142,-1.28660438627642,-0.909895008024716,-0.390764059475755,-1.49243557199139,3.30184673302078,0.111534964121012,2.5533952619658,1.37890012844511,0.431493100377969,-0.201601016329848,0.345785976625653,-1.00587870418893,-0.793582096776842,-0.880180200731993,-0.386219634703844,-0.0228566922015502,1.15355259814842,-1.01115969829003,1.01582231027803,-0.758745135537375,-0.503968006854048,-0.94453296687559,1.55464167417651,-0.967609358222392,-0.953806939712572,1.53105016171153,-0.582692854697181,0.807885621071171,0.705787023620639,-0.199232381165883,0.0487369577825293,0.733997028307909,-0.256673319330434,-0.517039169069949,-0.532162939318738,-0.423356683239613,-0.716800571822668,-0.45429904078968,-0.771918205272675,1.16437963597341,-1.01185777126436,0.00605699120478482,1.26603266316209,-0.570586943921365,-0.829107234663476,-0.110097605513884,-1.0672858660878,0.669587782352,0.223748965999634,-0.972951584123791,0.831299835273516,1.35939274256142,-0.775634383534132,0.792516437231694,1
GSM1045235,-0.139862988559121,-0.829149620652371,-0.886655873286255,-0.661315397460415,-0.585946242055289,-0.565209146359906,3.08079824025194,-0.00117674260853002,0.57226573455823,1.1970760895794,-0.197415415420043,-0.770168526278464,0.227147663228829,-0.910845178415817,-0.7674194689659,-0.954688078132681,-0.571203161594292,1.12782510120528,1.65245113161667,-0.861730168656675,0.993709411651099,-0.980361348476753,0.695956391675549,-0.934960277825682,3.15379759095612,-0.759999049257545,-0.969422174510807,0.78917771664463,-0.991096579371934,0.513350090000461,0.386752376536197,0.12492557516263,0.373653779355892,1.02400738011851,-0.479403342104782,-0.799177019320947,-0.409719474967208,-0.763170245666235,-0.443566790241722,-0.88356700694269,-0.447633845731609,1.99908929599203,-0.492045485305498,1.92449887609175,0.896255771140377,-0.624705873980792,-0.311731772288951,-0.0352526771708268,-0.993718442082025,0.0620291680991177,-0.092151249815871,-0.771195729537712,0.906086893060822,-0.0882664926866111,-0.786850165623523,0.0599267744299463,0
GSM1045237,0.146253368706609,-0.323659511617991,-0.894529333530035,-0.821637327071447,-0.413792924298629,-0.963598114077324,3.58313411884394,-0.253675494035384,0.318405830355856,0.316314669589423,0.826421875784621,-0.101237645411336,0.336836754838607,-1.21518615215365,-0.844969320844986,-0.782792323069768,-0.832410023664064,0.188869317147838,0.576836898643001,-0.820461507780405,0.868884187435401,-0.828003751738755,1.18024293094614,-0.766363239876293,3.5433168432022,-0.835545854275038,-1.00354683355556,1.34631603456555,-0.405084037366276,0.48432069119805,0.202383767590368,-0.0405710039886271,0.169745579035875,0.602512576321674,0.143656055815712,-0.599308281257331,-0.762720113365944,-0.846679410232238,-0.661822669978235,-0.576420497444362,-0.256255616123439,1.65909566732022,-0.872488661428939,0.733268187265891,1.1320110738374,-0.123323023501432,-0.821030941258169,-0.386929291245065,-0.975700908952676,1.18015065923393,-0.545902456064522,-0.605574411183376,0.101627688215965,0.916786935433065,-0.860914722472723,0.484743691536681,0
GSM1045238,-0.203312997008905,-0.713965738962994,-0.795360114904733,-0.720435205801689,-0.302943694826384,-1.11114096166122,2.70166523024311,-0.720302999148695,0.752073713012843,0.628445732333394,0.669503165087474,-0.623712184860332,-0.0407785708117295,-0.704050935671184,-0.719968304977927,-0.561690590520504,-0.347724775179125,0.883392725504923,1.62392758821404,-0.397801461273803,0.661944447491499,-0.760125190462028,1.19379457555538,0.19754908605166,4.97599515464286,-0.592697988913791,-0.835261064044428,0.362873496729643,-0.672832369233377,0.073651272065757,0.928037444644327,-0.273643536505973,0.480561059473388,0.357250807335999,-0.0710759558100803,-0.210778931538754,-0.290641437445894,-0.538164881562803,-0.111068880623309,-0.765736729530987,-0.406988289989472,1.19761925066528,-0.447225714038086,-0.854430791184862,-0.290056848335342,-0.497506924303662,-0.809027937352197,0.0709739043984858,-0.725781807298021,0.112494060789054,-0.123487387609129,-1.0488075302012,0.0852241384188341,0.559337132789393,-0.665729983920551,0.437944730065825,0
GSM1045240,0.185263497587602,-0.759671803756315,-0.853273218246995,-0.670674341199714,-0.309941212230828,-0.213616219163088,3.95423143827676,-0.0259601337537396,0.332098988680694,-0.815773352541262,-0.109641231275404,-0.350047698805339,-0.26560183816559,-0.705605704094453,-0.902953652453,-0.745772930719177,-0.615230904746859,0.27059696742448,1.3029044133266,-0.480231130569514,0.013851941406498,-0.794517004070064,-0.476463172122062,-1.07250353312691,2.35621519640624,-0.447881842944326,-0.828736195972213,1.14695725741328,-0.295326200990233,0.443954006554157,-0.892963257218386,-0.752793232773351,0.490698368652267,1.32202016810292,-0.0488672853225709,-0.776875262680969,-0.703386142535573,-0.380841558276561,-0.0649894221689082,-0.444135005996274,-0.63057258932518,2.20656216819129,-0.477115205605328,3.00808578858156,0.755024105360779,-0.257868284303168,-0.487719861226033,0.0281009191972232,-0.801712177571545,0.335759086325124,-0.0947874062143507,-0.315705228731002,0.612867511670504,0.321284109220334,-0.642348471783794,0.425627780301771,0
GSM1045241,-0.25426706047332,-0.572664638998378,-0.805072586681736,-0.572656582583575,-0.139969712644573,-0.202072192487575,4.45422368091075,-0.622657286500213,0.606251669745479,0.174570979755929,-0.360515414618779,-0.440060094353169,-0.246101043144509,-0.702660318560876,-0.409332452926116,-0.368648061827789,-0.536545771021972,0.435590940878257,1.00408978615835,-0.418948630431351,-0.382708401966612,-0.775736993220809,0.702259783709391,-0.245825433966318,3.28669762234457,-0.571811255438064,-0.847798675583442,0.448162977130557,-0.432841498710047,0.865442562927691,0.213923219438979,-0.324823549095996,0.140083192015989,0.877395755187417,0.0374458589935803,-0.726925350708821,-0.794855723710039,-0.763745823982344,-0.461624797174135,-0.510394369876519,-0.339035738785064,1.61086869406686,-0.588040532932491,2.67891914106236,0.295300517500339,-0.397990391366774,-0.442169833317644,-0.168046277715052,-0.841252151098688,0.178813355534948,-0.152846475294223,-0.627696556470487,0.231050070977088,-0.0763336661211712,-0.797935559483697,-0.318478905066165,0
GSM1045242,0.0164436211255151,-0.728476778134522,-1.1256232288616,-0.954332518012789,-0.0914559225423888,0.0251206740972225,3.36184544863848,-0.410174332193816,0.450263598370599,0.768885585520851,0.765309233385408,-0.431756431160484,0.37784760159081,-0.951902361887482,-0.607774033115055,-0.882039944501062,-0.825590401359799,0.393328318880139,0.62136991421144,-0.760751822732126,0.561765851628311,-0.948535749272361,0.764473042190691,-0.712978711595935,2.74314465130176,-0.330371351187555,-0.942199891246038,0.446614127663409,-0.863793318311182,0.9644453258095,0.914574707045646,-0.521005858250141,-0.233049388281576,0.689877904185221,-0.180421358945208,-0.959119569043223,-0.324292935401549,-1.23317675174912,-0.462268447158174,-0.286288344931825,-0.826090363073382,2.53760283948967,-0.9751430097784,0.82600958958814,2.06876284662226,0.679440220975171,-0.591803788250503,-0.57092032714055,-1.03437939823293,0.850141560786097,-0.0719814257909701,-0.850005861321096,-0.227563258316961,0.199703609053154,-0.843239192412064,0.731535802032376,0
GSM1045243,-0.334293697671972,-0.588332537324247,-0.794925788453667,-0.849090178922354,0.310108361523009,-0.368620230440824,4.0668125413821,0.118791986260169,-0.494889296131088,0.513199179500616,1.14354422956612,-0.012346279927878,-0.34633227140747,-0.768308850535386,-0.527980613652556,-0.8711455378477,-0.783758304046637,1.2732112216991,0.248243174710447,-0.769392083619163,0.93215030197952,-0.703763839845568,0.117250014651728,-1.33319530387509,3.07762561992814,-0.234559588164954,-0.78615904547407,0.88373782937968,-0.108940195313436,-0.466116444730225,0.675378858990835,-0.757650397526059,0.520623037344772,0.712218891921636,-0.00211735412056911,-0.723716588328289,-0.632335395424543,-0.463462468615535,-0.138985063194093,-0.755309792270403,-0.427548203794033,2.70259044043626,-0.586140609737459,0.953485573088306,0.577343219580319,-0.88355430563301,-0.243195745430719,0.0521163471246247,-0.62157714766585,0.16622141692875,-0.450596783010631,-0.961864583051615,0.299192418333377,0.153275577226675,-0.730100039823493,0.0231843234544003,0
GSM1045244,0.206978928061842,-0.866935587016965,-0.766887786405846,-0.944314463133034,0.104702552242916,-0.0669042173631321,3.61953230849699,-0.292661960089419,0.0545410284403635,0.163878356170352,0.215077038752486,-0.250806079912847,-0.454081607237122,-0.718929895369079,-0.416101914827139,-0.674869964105797,-0.707602901686357,0.582162613872297,-1.03869834193012,-0.84526781902715,0.611133552303733,-0.638576797623542,0.284765267233367,-0.836239903519492,3.41307100082305,-0.0114489022719595,-0.761866413539132,1.15036451207872,0.0901087693932717,0.190164207845815,0.318915248305842,-0.470835733794344,0.247806198627263,0.656026084552803,0.162782244792689,-0.62294229667057,-0.690862134496159,-0.566843119916714,-0.298819685300304,-0.92109007582921,-0.352865239530147,1.32326331361652,-0.305524241824564,3.58855952922443,0.66359289636724,-0.531435453253945,-0.364488875096612,-0.0276831139826871,-0.653924214807844,-0.347116738959731,0.402411784796584,-0.175829911859741,-0.596332593616278,-0.188314369807882,-0.663021771839735,0.0202866896460145,0
GSM1045245,-0.192403676069793,-0.886066284510215,-0.862911489043327,-0.857353307358197,-0.00571767639650964,-0.945362065386371,4.39541041607228,-0.148319647480306,-0.121851277423818,0.67325203147022,-0.483044809715981,0.186178548016269,0.310708743198089,-0.840364843144723,-0.813200101428795,-0.499320070401878,-0.84566250143838,0.284336811960469,1.82274767613399,-0.488198544586401,1.37174687229571,-0.69820114245065,-0.160488242860082,-0.784143523959604,2.81112235041237,-0.648838549758524,-0.88129069773736,1.29733297872044,-0.319384145453869,0.129924881863861,-0.127536466975131,-0.116829259048961,-0.0760658917410122,0.947989873135184,1.04500296064748,-0.819070308827825,-0.174504704040649,-0.189615693658278,-0.644704684046008,-0.479511030583525,-0.407043440221131,1.93590280834499,-0.530542332510916,0.637745559480292,0.714266084939939,-0.400381858566579,-0.562760511695882,-0.18581544819574,-0.882680956636024,0.40981669040273,-0.721869043667999,-0.738577223349329,0.401318004061512,-0.183658345095303,-0.707522920362105,0.0560094246713619,0
GSM1045247,-0.289721230574885,-1.00156033220764,-0.88107825941191,-0.998242894613065,-0.707639653763706,-0.703979188297079,4.28261755320095,0.107108004620902,1.07544548312931,0.87830564818346,-1.14588317774167,-0.0149291481865183,-0.215900034395455,-0.751077574583018,-1.19920153183073,-0.482411027088601,-0.0352838852613393,0.849095586084182,0.727972664870588,-0.604293043924088,1.04914071186357,-0.696365203956,-0.402392741933708,-1.03676923783873,1.81418289107589,-0.735883340802974,-0.799453809534493,0.261806457066907,-0.224968952088364,1.13346725770508,0.156864224722138,0.0812237086279637,0.580733253516197,1.38916884538197,0.17634449299701,-0.461936016957463,-1.09171146056913,-0.580621595937857,-1.24016048011876,-0.733829592823398,-0.00472719598975564,1.86078218757192,-0.680467224188842,2.0425662787806,0.855875750396319,-0.396681637298034,-0.272746919817309,-0.11745355371568,-0.838051405899981,0.596704024714644,0.457012949406509,-0.117856097529624,0.139833672273577,-0.367456843980609,-0.513887346513872,-0.171630006815419,0
GSM1045248,-0.365477666935683,-0.475913451580015,-0.866784249918809,-0.721451075855971,-0.707253880201198,-0.633006214401024,2.34478377274858,0.678273610598624,1.92189190090417,0.488027697235666,-0.768645685523749,-0.363446234954835,0.157769082998003,-0.892458736791986,0.239896369761929,-0.917982378821839,-0.542207476054499,1.46090315345074,1.92899708508562,-0.869447857595824,2.21194199736745,-0.514764998402351,0.351070900316371,0.393101377371705,2.24319826940807,-0.481977843445561,-0.882121326526346,1.98886640248219,-0.236690487658228,-0.130452025398502,1.89234947026697,-0.363824578349009,0.0289474260872248,-2.45884129789281,-0.635192216038594,-0.282964563493566,0.132769689301764,-0.141513057466774,-0.90837995614844,-0.441882486533063,-0.0717234177413854,-0.0807519619290536,-0.632098703738557,1.05376260954768,-0.391752438510359,-0.127825060465187,-0.474142625743836,-0.662162148567459,-0.9290340135,0.0856945658725676,-0.904946846573399,-0.37159421701534,0.0157648276220546,1.10941890772549,-0.907050599347415,0.428332662967808,1
GSM1045249,-0.165729368128046,-1.08521046415697,-0.94747466547079,-0.99731229969669,-0.40177777869931,-0.678391184143247,3.63124718438387,0.0949408138552913,0.61108306739895,0.924097246753557,-0.618107750269749,0.0987307840269161,0.15013920100355,-0.847706830051098,-0.88261793905094,-0.473516024384855,-0.123878504385555,0.709559764514592,0.850595181586815,-0.762367915062116,1.27844733839968,-0.801771897256332,0.494633532096095,-0.946673045321557,3.4797229261758,-0.853721095075487,-0.926700911157149,0.484420579554539,-0.253749465553501,0.580016571277466,0.407242736041719,-0.144589222663786,0.62140130524331,0.963421231982002,-0.10334604982902,-0.669662277931754,-1.10162311490516,-0.619306748434383,-1.07381973754234,-0.840450254681407,-0.353959784876976,1.91025768749011,-0.585789718042024,1.70648987667177,0.668742022964428,-0.568256271919504,-0.302927889938879,-0.398048753603408,-0.855968770854518,0.269462355541714,0.418939903464215,-0.369040221516641,0.0100251422700486,-0.0668016270108015,-0.726215161422201,0.182896290339759,0
GSM1045251,0.11164350288416,-0.724863584416971,-0.848651334348326,-0.834348972516828,-0.457677328714432,-0.434743479785492,3.80850939239189,-0.238912863523057,0.321950551959105,0.760348216067196,-0.0283193367274137,-0.347062622821291,-0.3395262218992,-0.900926262005099,-0.969805929525525,-0.935632319334995,-0.517004523474092,0.426146795945263,1.35766894635061,-0.753228304671769,0.443264443798671,-0.632621122070936,-0.327888239189985,-1.37592875517175,2.28399214892824,-0.572240173541808,-0.929999969085914,1.28046771815154,-0.184800236617966,0.723298889662581,0.177663463806101,-0.189956873954176,0.358605543820706,0.930854205385669,-0.129158136522785,-0.718027102535811,-0.0633615873985634,-0.547299732875048,-0.759186202488276,-0.447542691849896,-0.261624874788721,1.87972370813148,-0.727103010139513,2.85759044889409,1.19138552619511,-0.437211353632139,-0.606585224139102,0.0451050177313086,-0.963733731366145,0.709424284664251,-0.124232294058198,-0.46264893080563,0.791399016128851,-0.105001215390115,-0.727992013151911,-0.834195266357942,0
GSM1045252,-0.494525841172503,-0.779177520669434,-0.898450009216651,-0.660022570163643,-0.836083664933162,-1.09440502683827,3.70441164820018,0.121928524482722,0.456748103179441,1.1103676976751,0.214773070023116,-0.858796462079605,0.189049154453135,-1.07821465509901,-0.793627689743446,-0.635164759311489,-0.845368329438439,0.460699142606822,0.491590159705451,-0.504146571865421,2.46852952151258,-0.641739825941328,0.570433143199256,-0.631601942586516,2.35880166711929,-0.69674301219849,-0.825717397604656,2.85777543656105,-0.671580818998076,0.0657066900072729,0.644246298360564,-0.643724903196074,0.192650723501573,0.459603867223711,-0.397750074519003,-0.58873072676551,0.320893342491453,-0.00320955832432482,-0.531870004003896,-0.393791184465635,0.0576629844227833,0.886543379375508,-0.915828625458315,1.04749164171419,0.128821836815134,-0.0964230656451895,-0.356215882863032,-0.359915910048956,-0.83346674518504,0.524068166562426,-0.661540814769082,-0.681814651551999,0.0329336377361846,1.07366520706542,-0.761387035837007,-0.268359763501169,1
GSM1045253,-0.651492337590841,-0.825657262364998,-0.76276947513431,-0.584837812831339,-0.438699875779709,-0.300253821129031,3.83128462479211,0.146221777230574,0.128225210643622,0.791373717482798,-0.0154310266854518,-0.00807411204684388,-0.22540289071709,-0.693378594844755,-0.800237531493146,-0.566410502798425,0.330613236508122,1.40488488792002,0.0137912869364078,-0.636066434279365,1.21221716414253,-0.844774348728295,1.10650094956926,-0.302800623205957,3.7873396119118,-0.818501469445371,-0.78747573949188,0.547974121454013,-0.403522386479247,0.0455823889139005,1.01529245762031,0.0394090045682991,0.447268855323653,0.869404086124173,-0.978485684479192,-0.555389198393516,-0.695979256756969,-0.847773122873421,-0.535752835752778,-0.545214112749073,-0.483074357708331,-0.429253991748724,-0.57187439760262,2.39871528470949,0.506536982979047,-0.564861956009924,-0.14058991386551,-0.251354604085177,-0.814132129116415,-0.12830150274824,-0.17981291055658,-0.602328312500428,-0.0130844974627535,-0.221672981692654,-0.625459628591024,0.227545990909264,0
GSM1045254,-0.332654994739592,-0.903804873669286,-0.990369735233483,-0.815149703171896,-0.603508251717178,-0.567228681201278,3.78133314620786,0.0804531792494416,0.450507386020906,0.686000630449946,0.01984270383257,-0.577792495561125,-0.208903409113354,-0.912812805578449,-0.666924972584484,-0.554618958357785,0.0630363256991452,0.888000872710673,1.18860742770712,-0.662129805498862,0.518948024932708,-0.873215913264527,0.130003115351299,-0.371325907231538,2.44869026272273,-0.639330315932194,-0.83893645081352,0.51007733727094,-0.667577975690263,0.392993650579929,1.56832740483909,-0.108699639479244,0.108382148328929,1.08333914158089,-0.130731011579125,-0.617039508213324,-1.22449931640518,-0.980603294028126,-0.72176327926705,-1.03213147502876,-0.284227922142765,1.46648359781474,-0.629355166243893,2.30935871515777,0.242323710557067,-0.553146885840128,-0.447248999809692,-0.309633196271996,-0.942805108201355,0.0264628369559187,1.83545534969601,-0.488002142528469,-0.7074022339583,0.978190296585626,-0.551301158106143,0.138058322211046,0
GSM1045255,-1.00865732406961,-0.531569092778826,-0.712048142553854,-0.601331218707791,-0.607646752083732,-0.961758184771945,4.3736964845913,-0.50310741370738,1.11326321342631,0.887434241566883,0.150578798835628,-0.230902416192522,0.0216145755268055,-0.683879729005331,-0.841144000925838,-0.408040316909743,0.154433114523482,-0.0757001844801057,2.3305494211517,-0.384756197393475,1.43388899862884,-0.690828251230221,-0.653520921624462,-0.658653023392239,2.75509900173396,-0.698806941845283,-0.817382454168499,1.15413424555511,-0.323828854621707,0.294176693806446,0.679642468573128,0.0082655619354189,0.0141297036794247,1.01592316157745,-0.197255462593341,-0.792827820429875,-0.206188537131907,-0.0987380568837222,-0.0572373542503117,-0.335329500114377,-0.686291188151129,0.791962903348346,-0.414534922120224,0.606730253556399,-0.348902471000802,-0.260957482112907,-1.22179232999248,0.415166045772701,-0.856452424239484,0.0160507236122263,0.144378627946707,-0.686291896341943,-1.13895228798252,0.938182015842005,-0.419903922575091,-0.184083178807588,0
GSM1045256,-0.787055498533954,-0.218790684930978,-0.7843971924804,-0.399359257432817,-0.0561748108940151,-0.92556411235267,4.04386874867151,-0.58655443208459,0.613099092579824,1.30000216020857,0.620313058244303,-0.192753200986557,-0.0716276098462679,-0.754264333039892,-0.5853514809426,-0.556164897004413,0.233701533833064,0.223051251491233,2.24735191863016,-0.463281984740539,2.04780292617059,-0.618446546071003,0.00538980815502535,-0.684470702911914,2.17719770746634,-0.702377973805672,-0.854434585060563,0.798760047522796,-0.136097959964126,0.0820576491613926,0.210896281953426,-0.148317031076378,-0.00317725082212186,0.752567858563333,-0.389376734925633,-0.670380678288136,-0.224109812739024,-0.0742375759967027,-0.374842801624162,-0.584702842495986,-0.504392142322377,1.31160881642938,-0.554447892160131,-2.43317320555411,0.0830527628098269,0.0141075017268392,-0.942495233126614,0.842344305371949,-0.877549238398513,0.329652589029875,0.486298239119302,-0.793795851528492,-0.992278405213554,0.440355330306016,-0.567714501124074,0.648678873034219,0
GSM1045257,-0.131730286517123,-0.769082886031628,-1.00838183570041,-0.833961275216047,-0.416370633817597,-0.379746675516376,3.26294731942504,-0.69443048433681,-0.486404431504346,0.194886282597336,0.0971344662305248,-0.321634052415823,-0.544371090490055,-0.729069113643074,-1.04884180870364,-0.574689298347992,-0.305512132010325,0.353773790463519,3.03548084352413,-0.605476860245307,-0.296709063466435,-0.771311676689311,0.929858436326409,-0.602576574591966,3.05958157292985,-0.756822081475269,-0.907810179012375,0.168747719490182,-0.368730687118206,0.393422650945088,0.991259546658641,-0.101594138746151,0.0847973453648507,1.02183696971779,0.0874881672776754,-0.603845207917835,-0.535101372381438,-0.782129858989721,-0.771670786526548,-0.587358994821314,-0.651421537008141,0.968349089648609,-0.297142089808966,2.56591068549454,-0.0609526715761326,-0.236641534976604,-0.542542573372181,-0.209406592746161,-0.895697389258073,0.422955927553907,1.01399601470684,-0.262836170877218,0.59657044958638,-0.166301241656551,-0.565512604354112,0.57482061392594,0
GSM1045258,0.196001577903455,-0.330643082873283,-1.03053094844943,-0.463333935359887,-0.388346523234093,-0.806347997639819,3.85448990812726,-0.218165992262106,0.517911758496185,0.942984737727025,1.17770065671405,-0.355484234373524,-0.260408831660655,-1.00071677200835,-0.919233543150398,-0.843463010876867,-0.643575585339962,0.789767616918231,1.20023610933085,-0.385895815354833,0.888480768229805,-0.813468027316145,0.630537612743631,-0.675963317583541,3.50792377427164,-0.737197981736085,-0.999607058457507,1.22898447888604,-0.733495715146839,0.743148022929653,0.3423882041624,-0.562402889436212,0.161771068763256,0.587514924457478,-0.104880579383876,-0.656988042385273,-0.35156236262058,-0.751131442015164,-0.679207170850135,-0.594649839581868,-0.374925277805263,1.49478840458722,-0.940310429276472,0.589648998043021,0.615042277683333,-0.784445816919719,-0.724077118109224,0.124267035076311,-1.02283219648311,0.437140294592478,-0.503104301299527,-0.748209462229438,0.377696045556648,0.572102552265393,-0.842515107933048,0.266593581686873,0
GSM1045259,-0.1322890839369,-0.779738282669555,-0.813780168468001,-0.5599681331347,-0.124744926310473,-0.332741861683226,4.33776550758767,0.469593517007111,0.672068719811581,0.362743677980285,0.0117565025416815,-0.0161880335345193,-0.243935573235719,-0.814291911917133,-0.383910627733837,-0.518265949505592,-0.910499585742759,1.24683621760918,0.836451308605543,-0.616987845844897,0.990829032321845,-0.625399474928557,-0.296981755427794,-0.890182934973075,2.84692008361377,-0.741208776855434,-0.7709381725178,0.625767850432604,0.113439985342247,-0.0212069202502318,-0.910785174640597,-0.560495187619463,0.215424733669832,0.598046252176162,-0.241985778144761,-0.659781602711517,-0.891854647980196,-0.826486348735875,-0.408516468450619,-1.04743538753205,-0.990716970705275,2.22960215073867,-0.50311119973414,0.791010399128194,0.276530885151452,-0.252603428634079,-0.0541508420176465,-0.538006982016587,-0.634858771909806,0.036724367101401,0.451189462207803,-0.52562537075897,0.00188045852889979,0.226819159244433,-0.638450692731271,1.93672460219269,0
GSM1045260,0.0772796140770076,-0.689156378861983,-0.944269691928774,-0.691138120098635,-0.664713586536083,-0.519357293439266,3.18042556609872,0.378026486361462,0.489201430627115,0.476305598822514,0.466982353202938,-0.176143777958777,-0.220017895961505,-0.757194919358921,-0.740375629420993,-0.719502258804566,-0.746633073637911,0.616756371058508,1.48044064386006,-0.882202100968872,0.9827955498393,-0.820558945872758,0.54985265396611,-0.403177421102558,3.41006365718779,-0.773241703591943,-0.931204437051686,-0.014220036592201,-0.320017627849811,0.239172373184868,0.0832876815154697,-0.339621739640292,0.298948848909566,0.576794833876883,-0.164194350468499,-0.635657334551856,-0.902125766889242,-0.794420800347949,-0.47764882024271,-0.815813627313415,-0.471529490214392,1.51031810426304,-0.872843401154272,2.61963292394736,0.614551436648904,-0.697996939576853,-0.397296934525151,-0.147724530825522,-0.887921148759536,0.378231853101927,-0.712929191979057,-0.65613102134328,0.13235089507203,1.8649320055085,-0.750470208981039,0.311099324720238,0
GSM1045262,-0.184575897005707,-0.735935453607319,-0.943465852581908,-0.761154756197425,-0.133188367943153,-0.639893515999295,3.69118080681033,-0.618535193974437,1.43043695392565,0.447826645227115,0.29338341990453,-1.08779938593087,0.0647167341929251,-0.841935589419066,-0.35552091266547,-0.777851971672403,-0.217990235608949,1.23140200956322,1.60008757671825,-0.920844662717139,0.719842532435073,-0.815531069453449,0.329350582224359,-0.638323904301482,3.06553402508797,-0.70205766931937,-0.865379034420506,0.997211776791522,-0.339929272126477,0.422832956941268,0.946790571800557,-0.499007783130361,0.479302408744276,1.15905863257993,0.21915513561734,-0.691369551115893,-0.846603131497552,-1.03622836744677,-1.36273872377272,-0.537694304828157,-0.488368654408241,1.29116841226766,-0.793094207856904,1.66567457544629,0.547886003641652,-0.586723516825918,-0.372596212641176,0.0161979284212175,-0.865042945882619,0.248789394548506,-0.187352012840996,-0.436710194614384,0.175415293824575,-0.315439965102211,-0.681228509025141,0.236866449219247,0
GSM1045263,-0.927304881653684,-0.437644465655915,-0.898502996660193,-0.705424054002015,0.329282107277853,-0.321714638829407,3.55109725737961,-0.797299609664369,0.379811273357658,0.670694423554407,0.718241913243441,-0.495598207982038,-0.478398099260548,-0.993109146354291,-0.0599349026336725,-0.687828028520353,-0.567055786450981,1.24979425885072,1.50815288427976,-0.822946520604709,0.602072876994833,-0.685540184251133,0.487540571029404,-0.606793042071366,3.7811987178879,-0.647085432912043,-0.801537894440371,0.982370580469096,-0.77738756746559,-0.241283638799228,0.623198637150108,-0.317365314142048,-0.291998163281563,1.22742452361151,-0.0979992878041414,-0.679058731675783,-0.592448843766674,-0.243325981866128,-1.11423176248232,-0.451223263791064,-0.631595026764915,1.32548485422987,-0.362031664652963,1.63450009515799,0.0195047137527956,-0.577449846441004,-0.884206364473444,-0.0155984244039964,-0.8608782055437,-0.103248217103649,0.173397035416217,-0.642988336907094,0.754779034986648,0.234580810518284,-0.708685517067413,0.273595481231698,0
GSM1045264,-0.376152442416873,-0.248879947285307,-0.727293434677705,-0.523938604556691,0.150637807932296,-0.408282522204439,3.08473969854478,-0.135428202468235,1.37083960721548,-0.11817350677526,-0.36568099961331,-0.260362240426702,-0.17236662496605,-1.08203424080557,-0.342425353358284,-0.334206044521104,-0.145670650910924,0.604279214263966,0.798875909725935,-0.84463953414844,0.706902209728347,-0.410518245333346,0.27211474179396,-0.0283135186864537,4.65228601552064,-0.551629670693926,-0.730943817440242,1.37615183763092,0.399303746695057,-0.571260037696442,-0.171619074221402,-0.436020563940858,0.196518779015123,0.600864798869481,0.00440225596506642,-0.455110703762329,-0.040496252837752,-0.543054340225617,-0.564698660965368,-0.560500385013406,-0.641349887871702,0.165308743352626,-0.890209756216192,2.59177280061701,-0.00842561269132663,-0.195098288391277,-0.263667866172701,-0.121213757660417,-0.855347460399794,-0.161977292491412,-0.754899408137055,0.0270780085159713,-1.22009859350193,0.262748868512246,-0.807131290753428,-0.195706209659615,0
GSM1045265,-0.615582204728171,-0.201079626401865,-0.822251085723665,-0.617371797560861,-0.164650521108164,-0.599996634097352,3.87934508311773,-0.405100237883351,0.207510556493363,0.273288493248467,0.271496428271121,-0.419769105314185,-0.431017449421092,-0.825582930254871,-0.460145422175519,-0.650276999672944,-0.235884360177313,0.793839821944521,0.731752412198056,-0.747104240164033,0.989300588033427,-0.863503618379498,0.64990184653055,-0.925150071102014,3.71571745695663,-0.705059320039697,-0.850523489512049,0.944811645155038,-0.110673391809415,-0.309247749364771,0.0715185163272853,0.0861930814470988,0.570280193620647,0.907715548458482,0.259853499841524,-0.552521487370306,-0.364864803874606,-0.565718618847046,-0.540880313828589,-1.03737006187856,-0.340350693398587,2.43097202855006,-0.814262924887887,1.4946289968023,0.474256692418312,-0.571691490290913,-0.606450482905695,-0.401444572448434,-0.838746287672913,0.516413613122404,-0.441699766859109,-0.422284531615635,0.0857280901574329,0.0977496505886643,-0.618544236642417,-0.375473715871586,0
GSM1045266,-0.461624141582017,-0.94002354052508,-0.733722886375534,-0.647183464664492,-0.370935359432815,-1.01187214023693,3.64951296976165,0.490429996512613,1.19881949646543,1.04482632593333,0.427382213064894,-1.0085339389652,0.347463556653123,-1.04680517850054,-0.810745680894789,-0.850485501036531,-0.495111725500867,0.0138054677913931,1.42932027837001,-0.364406555816981,-1.118561005716,-1.37765195456095,0.392480852188963,-1.26145113476504,1.93391751266847,-0.845277423661134,-1.05460300341783,0.820563463063777,-0.494268427180152,0.649881224639296,0.706708420799711,-0.127157022141432,0.205910973571848,1.2271884297412,0.269886603403355,-0.506797372051611,-0.765008898066183,-0.205752980092286,-0.557828113715384,-0.366879603205068,0.395354989749915,2.73981783460593,-0.720985482130213,0.985546189302842,1.4085097780206,-0.803218515002583,-0.261434231483458,-0.00607568712791126,-1.00723769360848,0.664559832712382,0.0333481594212189,0.0166261534109244,0.00620443983498714,-0.294780153347485,-0.848525256356277,0.306878909473391,0
GSM1045267,-0.0609923149037258,-0.907683076815695,-0.921396307632932,-1.03803077317546,-0.131027660302355,-0.248313340070965,3.19499287244105,-0.622037992624627,-0.0363093485878556,0.509305867794912,0.180111358045272,-0.200990231650661,-0.579459550664562,-0.738782177979169,-0.81920413605547,-0.894761984473839,-0.803577127238122,0.595279238944857,1.03170854166855,-0.290883470338888,0.45921954056309,-0.882225575502846,-0.542361212529508,-1.35603552577939,2.21289483993918,-0.647682845785997,-0.965418738283044,0.970802888789971,-0.000761247098106323,0.64041662241448,1.15298823258507,0.0456503706019536,0.792577196428117,0.902167982377945,0.223000343661338,-0.7516883163079,-0.684781853099385,-0.45899554168969,-0.616186427204793,-0.515575608859752,-0.283538851265129,2.85494053714532,-0.00110465966541363,3.20354536211613,0.457360679030986,-0.678354357589272,-0.215757862477859,0.0572181325290277,-0.864597787778345,0.414843367616686,-0.157850589386624,-0.340707942183723,0.0189015632162058,-0.430156924326503,-0.819454617391069,-0.411239561191467,0
GSM1045268,-0.207282784601477,-0.635693990868552,-0.648083350647306,-0.60092355330631,-0.811849544663184,-0.775198592784055,6.06565538825536,0.395018190479609,0.767023087855771,0.569561989257261,-0.39713720903968,-0.054225932327423,-0.0805414550268785,-0.654131347956005,-0.63687790940925,-0.422366498459589,-0.283590310243232,0.0919596289694159,0.964372673130301,-0.533465139453459,0.664097368937635,-0.531857540709475,-0.626980220697708,-0.550475406601218,0.808919978386005,-0.5786541054299,-0.698184305520626,0.826180369828535,-0.363326258633705,0.34583678592566,0.844158191674108,-0.0195790183547896,0.215373518385069,0.572707403437946,-0.168756342801999,-0.634655260445095,-0.439716370971319,-0.559093532336602,-0.482351008201738,-0.247714531991711,-0.360075965977618,1.09158315422587,-0.547931884421637,0.557296594959201,0.49164987033334,-0.243209243241464,-0.515506339430377,-0.083810792546595,-0.75180518214318,-0.60138257065607,0.284567919594703,-0.641685967956083,0.305713401350544,1.28705383333584,-0.545163215680344,-0.215446664786519,0
GSM1045269,-0.182567098023863,-0.900498406487139,-0.792233459879012,-0.829626510539397,-0.317377659659118,-0.671386498758274,3.72212893915483,0.140957217665039,0.245670094380631,1.19951054570032,0.384401260134567,-0.00763165614773159,-0.11713655719022,-1.05997353195202,-0.755409667200035,-1.18205720277468,-1.53793775552817,0.559463290550366,0.4799466052751,-0.631047568718561,0.840625380540539,-0.676702089425093,-0.5177304248627,-1.2204228201581,2.15505638292952,-0.374859493840501,-1.01383827509364,1.63205311292638,-0.644236502415669,1.40347522870481,0.117722217806835,0.188086830641984,0.655882802504327,0.52573987509799,-0.096036956772899,-0.612876628808687,0.039638777013158,-0.25115463678984,-0.477633293280132,-0.469676043310998,-0.0211373355005221,2.66306098131711,-0.403328305243927,1.91306917815872,0.803914531324816,-0.616433077526253,-0.508789104293087,0.132710754649215,-1.03151391682079,0.36709667828079,-0.709772670942099,-0.287403498211166,0.182470720841778,-0.445386294415772,-0.806514261846663,-0.18235220318207,0
GSM1045271,0.081111398784132,-0.519947926906912,-0.925108033085961,-0.672250663885733,-0.751462116384595,-0.749482339150722,3.98398177448361,-0.311629129636142,1.13521036993094,0.614111502928988,-0.180310369333186,-0.643275842231444,0.424983945153944,-0.768686037682794,-0.71902564502781,-0.793839049436501,-0.388334255181655,0.378014290414186,0.424389116067322,-0.476416623677677,1.18645763810104,-0.819551238064482,0.449599848130634,-0.680380267416561,2.88532096866159,-0.704926606400989,-0.881441929977118,1.10347254635781,-0.922584438887897,1.51763566653776,0.669338060855018,0.0440877715504334,0.129204187687308,0.971607580223694,-0.0246831378670205,-0.531718190230763,-0.56408191843467,-0.992865887126086,-0.471152399591098,-0.780664338854313,-0.10890520948045,1.8547131044625,-0.648209059922315,0.837653255657072,0.992462736652505,-0.417659933725525,-0.664576107610233,-0.63477179128997,-1.00849777148698,0.977948600572413,-0.295387188194153,-0.685559957704588,-0.0457812572015843,0.754289580356398,-0.94168403974404,-0.690743242737315,0
GSM1045272,0.0215131521016975,-0.672294348701284,-0.853072189816258,-0.63667761648676,-1.43591053201269,-0.774280430728654,4.02328208830815,-0.191719707885818,0.589111936579928,1.23450613698268,-0.282531247918174,-0.858710760415394,0.24829682160632,-0.684910605313346,-0.788356949787744,-0.696937044081384,-0.560248177947641,0.737137765210093,0.453807589246974,-0.695681510704454,1.01063522986867,-0.761466713698755,-0.622281183615941,-0.647002585288326,2.39884708697801,-0.920643058007659,-0.82129604031213,1.02120793066484,-0.473360650590445,0.637877960945233,1.33328874019203,-0.275889534755459,1.31523379194288,1.14182762611727,-0.154296042933203,-0.527176734272077,-0.53045761936856,-1.02010043892126,-0.531937505929322,-0.878670269136794,-0.11103560889183,1.46291715015101,-0.67991790675499,1.87245867049028,0.558301920528717,-0.496012105855977,-0.637325244859861,-0.080178315338312,-0.853647116339356,0.790937309989109,0.191098510262129,-0.508646805550112,-0.245283630937262,0.708494026664074,-0.61447177958685,-0.228353432086002,0
GSM1045273,-0.830404081101866,-0.146424266848541,-0.941558890483961,-0.593607498721995,0.0421268783537361,-0.811117785131542,3.82818270866974,1.70971960795222,0.375922931830184,0.819592823075919,-0.211676649246825,0.0577517724411644,-0.624974013474314,-1.24423375126826,-0.783047361033277,-0.754022924301754,-0.355102520608977,0.403568533051544,0.648273005820754,-0.567211248048444,-0.101914414854751,-0.880960935830258,0.468137647154325,-0.73948384643308,3.42071894120964,-0.977981613300787,-0.983313988326923,0.664729840762092,-0.498294334084318,-0.0118555713851553,0.498018220658516,0.193225827907184,0.0409460479453535,0.198132500994912,0.429944917594417,-0.711244880790815,-0.397596414916684,-0.47955207177977,-0.65012074257701,-0.819773663167652,-0.233987500954546,1.61581881619382,-0.727044448502186,1.80722486519466,0.467943819842141,-0.384307985448144,-1.02484000170672,-0.176741663770219,-1.03344369343153,0.679589414857807,0.804327776510322,-0.692655042340579,0.649775891226733,0.330164700360917,-0.529949053760502,-0.235394631976717,0
GSM1045274,-0.123310280327887,-0.208643312649358,-0.600507402668993,-0.60493732348866,0.00226569284732849,-0.149219996386361,3.03638084579556,-1.0464126119394,1.49599313525404,1.59164058665224,0.126286574114236,-0.276281018629271,0.182577631390856,-0.930144002676799,-1.35797544851586,-0.981109622517805,0.0445007619941282,0.52179819433774,2.07163429647731,-0.674337698769645,0.524659441633725,-0.945992802324843,-0.450722602705418,-1.1475253957762,2.89224198282106,-0.960647773208731,-0.996923617022347,0.851753239887022,-0.0113268739310487,0.26951484722407,1.9550794665166,-0.404315487500807,0.0245093726248454,1.46513538277065,0.326483961403986,-0.436251151808326,-1.0922978825048,-0.495464131859715,-0.604361757736062,-0.65342952006277,-0.583632165083745,0.425090959204084,-0.272617725414809,1.84044182646382,0.356395374067346,-0.602068745618128,-0.323953734190992,-0.651622121955816,-1.1629640425821,-0.998195171096018,0.207746430591556,-0.342802758313673,0.347139161846355,-0.0947194710574997,-0.457832627690617,0.0832771120959433,0
GSM1045275,-0.597097262618343,-0.346059982107557,-0.926939180937103,-0.689294271650128,0.469742815748918,-0.765577312541864,2.6901087683436,0.0730770744127462,2.37002703654003,1.00783305903102,-0.386667963310474,-0.0485550334840061,-0.56201135630173,-0.942734098047082,-0.133560428368861,-1.19629976513397,-0.640855210166795,0.762476815528471,2.4399150019055,-0.523757831890333,0.350539146866368,-0.657732878009122,0.31702453129713,-0.972995435424101,0.865351459655691,-0.731844035324631,-0.880837492771332,1.35833247142208,-0.497842612453016,0.212920651607253,0.202156737417707,-0.637696813024177,1.06604392914032,1.90385931824498,-0.0365130790402358,-0.800225469198832,-0.320185859781565,-0.531131447928517,-0.963980373807144,-0.248642133643695,-0.637325920142169,3.0098545291561,-0.396198501824466,1.17196031749477,0.838380328672434,-0.707619959588412,-0.320305545768358,-0.117720283317351,-1.07049118364083,-0.110173293859885,-0.994139442832837,-0.410594979758421,0.0221974860540835,-0.441509291762536,-0.786880213344236,-0.0998055357350732,0
GSM1045276,-0.326948536097543,-0.577673870434367,-0.594106544458735,-0.673538223019109,0.00157822856692703,-0.218458171910206,3.62146146462023,-0.12130819535195,0.182429269132974,0.0432151189896182,0.607181711867889,0.106654003616908,-0.423130051213402,-0.504073351800028,-0.399885428266961,-0.413655853311387,-0.472073021989676,0.680627034523661,0.524661569283302,-0.549350983126724,0.681026510020277,-0.632409686813511,1.98198634375606,-0.0203787360535132,5.09800485267946,-0.590086214522654,-0.693820187500741,0.8266972939621,-0.473086935542521,0.00316574039748285,0.260920284298434,-0.378584886435925,-0.13428061861237,1.03389384660973,-0.208130472006757,-0.37061512691707,-0.560106755651807,-0.520021266433522,-0.374143798502904,-0.501799478652061,-0.668974286142757,-0.0596021753655237,-0.569128189448037,0.0573280207793045,-0.0736263059926359,-0.475336113294092,-0.869445426027937,-0.241799011157221,-0.608832899319038,0.269757679026046,-0.520634623206996,-0.427861631199558,0.260519682657805,-0.169488553739227,-0.430742165134111,-0.393970880135618,0
GSM1045282,0.255015305245564,-0.774642922857631,-0.931485640973661,-0.717465294909342,0.395897875921433,-0.0769947756667311,2.80067122338232,-0.814025348381963,0.394274368231175,0.505640245281325,0.614071330581343,-0.279533069503342,-0.465058970358172,-0.765113247270379,-0.918225025270161,-0.620518164363162,-0.769106597451696,0.394304985066281,-0.993342453373877,-0.396691275069775,1.1230021010308,-0.455058678319915,-0.679589778363335,-0.957132439512807,2.27652298208038,-0.082492111234343,-0.843333900885703,0.991058037619785,-0.258771710082663,0.738678287434026,-0.916285357880995,-0.696597127156982,0.768562625189671,1.2037898894901,-0.338396770596038,-0.873467122606985,-0.395487768078502,-0.446892080371236,-0.633839933908127,-0.378986884329258,-0.759920825446531,2.69468077212692,-0.467279481341408,3.55707972858312,0.912337845062654,0.119631195543503,-0.310632221011661,-0.810235669219576,-0.717660635735558,0.152198565893769,-0.320604632808721,-0.55478775799817,0.310099301049769,-0.12264691547394,-0.373610923217337,0.708396846215753,0
GSM1045284,-0.0925261148141707,-0.67116582421305,-0.648894993998742,-0.942854655879014,-0.754626536119407,-0.606508480020509,4.35741506383229,-0.199937505346304,1.04798709074769,0.402301833174376,-0.869738723797864,-0.271473155349119,-0.481235730039312,-0.760481535518255,-0.774115738526908,-0.769603861220568,-0.348435354271771,-0.049278674949878,1.58907526267036,-0.511480576876636,0.364060760891271,-0.77687654387288,-0.616183195749473,-0.479350644589048,2.52727970874602,-0.592756330933388,-0.971136877716431,0.829139068503586,-0.225828221206651,0.681213509611086,1.6611630954532,-0.500820849492678,0.535059581666266,0.586397320986637,-0.00813415340226129,-0.691609375121833,-0.712451484712301,-0.609533965237179,-0.729270294277596,-0.569095823907395,-0.412508192681288,1.24098435738924,-0.00589524947969108,2.20329934953023,-0.138911725121143,-0.253187974206652,-0.472792608069579,-0.433463173782442,-0.950303904070893,0.511410304729251,1.02297494743073,-0.137113209146461,0.510282326722848,-0.0230885486142007,-0.751794544022717,-0.255579231729385,0
GSM1045285,-0.994654762359555,-0.936630119261766,-0.781498065763851,-0.449890836634762,0.289399872763516,-0.534712300769413,4.18265194959274,-0.376958102352478,2.14776792872601,0.501098257617826,-0.232683785753903,-0.354900834522392,-0.676684382194724,-0.832451589017302,-0.369272017106513,-0.684627762338177,-0.547610353660167,0.211006166366852,1.83367061490918,-0.58021212713564,1.29318808635546,-0.607376982420088,-0.343587658692116,-0.716616906163035,2.10654197437979,-0.442783408245335,-0.783430580659194,0.560990760521922,-0.114522149173991,0.706433680881453,2.12559196520077,-0.482000289279432,-0.192775755332421,1.15293016888784,-0.708537217341202,-0.879781491338233,0.00222855832639239,-0.496791412983174,-0.64391627925985,-0.510397736805486,-0.561298180486999,1.1330274537221,-0.288881351695427,0.349201138090683,0.201075704993534,-0.418395397213316,-0.76659651047769,-0.85947619124087,-0.992907330849252,0.0405301291853782,0.805613469330095,-0.35504003573812,-0.4483502868652,0.543111501189509,-0.734310770068133,0.514501580158146,1
GSM1045286,-0.490769648623214,-0.337371913658396,-0.737961778173771,-0.732271604457063,-0.236576917385248,-0.485583226628137,3.15940123973782,-0.451197618297502,0.197136147647932,1.31251574532749,0.777689621436608,-0.183087231479564,-0.269141738356611,-0.797332062708208,-0.373808496584315,-1.02879126058116,-0.335327116124493,0.447199739479112,1.22735664197374,-0.653124622824319,1.24247808108629,-0.748358677259543,-0.414407643430585,-1.2823080755137,2.4907816939691,-0.725223240706682,-0.856223942107407,1.43819295741153,-0.175172789650423,-0.117168206731052,-0.947312450807943,-0.124489273199923,-0.0700334632300012,1.06840467012437,0.284188359518653,-0.71346339745224,-0.866702690211109,-0.260401169648495,-0.522537625493484,-0.598903719738061,-0.367615253366306,2.9156104027945,-0.417214167907444,2.33109326025894,1.31322686690417,-0.780085101794851,-0.358267583633822,-0.496918532577958,-0.836572597634621,0.423249421549306,-0.580190906033457,-0.287021378385366,0.239137205741633,-0.460555294596202,-0.639315563133712,-0.108854074834794,0
GSM1045287,-0.152981483894067,-0.783791059641497,-0.96592923217619,-1.06696870351874,-0.487430110658912,-0.664605954235833,3.23011481339773,0.255427288137361,1.16761606961608,0.625449614388331,0.34910628791689,-0.26837555391407,-0.312658031310285,-0.922477993575318,-0.873143276885839,-0.821843755674559,-0.487596964707596,-0.273788092720397,0.865725602441274,-0.80449097694123,3.0505093236272,-0.629893865782097,0.49407810163441,-0.933644746147767,1.55450037282705,-1.05406344593491,-0.987658230305843,1.59132598317761,-0.516364548219593,0.339870123227571,0.467252510884903,0.0269281591944462,1.16807883225659,0.798202029580491,-0.316431605517563,-0.559831441042225,-0.355765633844701,-0.995147178407425,-0.778299942289294,-0.274206826489477,-0.27025201625248,2.48559593770658,-0.892256752114141,1.1027878979472,1.09207265826835,-0.406117534007748,-0.540192174346908,-0.34165731060605,-0.841307059894732,0.415886716499253,0.234489421605698,-0.732312086929571,-0.533211546099081,-0.0671237046259605,-0.715905404158822,0.312706498535919,0
GSM1045290,-0.176527599433306,-0.649765057870364,-0.79574564785707,-0.766289967317398,-0.971877982933347,-1.26366635872927,3.54153322593542,-0.158384776933625,1.20415058111925,1.05091271493949,0.0924721726847484,0.41178932474855,0.123482668120797,-0.88754980329678,-1.045135743605,-0.971313508768728,-0.923367174395658,-0.165161659033633,0.89969459128158,-0.564735104341105,1.88268523135046,-0.778053136846518,-1.28529625884021,-1.42723778771359,0.978273345035105,-0.611184197207241,-0.94719209081939,2.64193645261932,-0.138281037877149,0.809750599756405,0.190810839036941,-0.0790787216572936,0.0935632845810468,0.997640659909751,0.114065981128043,-0.642044401562467,-0.242337584226921,-0.314883980146829,-0.644219111119588,-0.472671265109259,-0.103963410648662,1.75921002577543,-0.513164090441024,1.85125131768006,0.846254354943201,-0.270126163842493,-0.731089205028762,0.238350526137785,-0.976473486568475,0.344965243191396,0.444981462913434,-0.281932372266161,0.377734611015808,0.23405403564503,-0.804603383240855,-0.526211179870871,0
GSM1045291,-0.916216504024275,-0.713621031903092,-1.09789670624517,-0.777327056877789,-0.373222282046025,-0.665250633791768,4.09471579847418,0.912773056910908,0.205618331209478,0.314043015783265,-0.10493048456607,-0.123590108078668,-0.695918198820243,-1.01952254350073,-0.455518979907811,-0.847109901182162,-0.558789428267556,0.211269767852323,1.96601111716398,-0.562353422409708,0.823567841068596,-0.879536418080231,0.196749172728538,-0.340165012941148,1.45824264374655,-0.906782287996165,-0.845694299287892,1.05369955221971,-0.766224956257671,0.0456969749778322,1.7734088525597,-0.0580344791866903,-0.00728039908730497,0.910740090463153,-0.156328290433314,-0.739695313688917,-0.89877649799686,-0.711478066236062,-0.662175165065975,-0.656568136765069,-0.617570854231124,1.1652691174397,-0.835723860098322,1.83338870804966,1.61102463622249,-0.196979996221747,-0.586118518734717,-0.00924534455918948,-0.986389657689662,0.319691719392004,1.0458618235565,-0.757627083976356,0.3841349913255,0.101111543281521,-0.697050773372854,0.799693939102749,0
GSM1045292,0.172758885988925,-0.541920520869592,-0.724612674820751,-0.668560256348423,-0.276950086759869,-0.671374196287058,3.38124939552045,0.11719341848073,0.442506222015846,0.627348273865397,0.193878441865322,-0.0790048299913501,-0.171597691846842,-0.630575330134643,-0.486854350838251,-0.629316327637194,-0.670773223308077,1.04909368072298,-0.0407010772619774,-0.594728678473268,0.678499465330688,-0.788753673441429,0.467524253626422,-0.869030139449944,4.78732379996878,-0.574081185143504,-0.767947888450686,0.71147937989034,-0.551696596185505,0.501764383117684,0.426726333646874,-0.247282129345568,0.204195128592039,1.00302680467133,-0.27390210683381,-0.719368805218917,-0.589083829319252,-0.60476931528405,-0.482657734366436,-0.689924772144015,-0.439443891160219,1.30041481273837,-0.687136278145785,1.44462940896261,0.432891335557414,-0.776327145922179,-0.526491935341422,-0.133917603021325,-0.753226151336264,0.423964325919555,-0.791701927914935,-0.623895275664857,0.407562958358456,0.0900940978352831,-0.610471059640715,-0.176046118767376,0
GSM1045293,0.253978143339409,-0.889222677455835,-0.884431263065237,-0.618858111296907,0.545545781499717,-0.38350336158795,2.95262277091658,0.283744130778124,1.32790943985268,0.0668843379162492,0.807753291797091,0.989431449672144,0.0251889139528834,-0.688194198055398,-0.527277891791661,-0.661529731753014,-0.589740688058277,0.246248796242786,0.199754621911885,-0.316374337149899,1.20868055551358,-0.440800328978639,0.961609565666639,-0.724297318029669,3.54173545407953,-0.627324130506494,-0.777008588016478,0.434201103467795,-0.165911789648867,0.257915229827206,-1.39065135264976,-0.449451690847781,0.0329776893413033,-0.48687430730501,-0.110515105825782,-0.697431679382941,-0.576636925840438,-0.318479215090506,-0.477516462584127,-0.903553637055849,-1.13830478216393,1.91151586976993,-0.527608429291794,-0.049637144581477,0.897740100875364,-0.195178907072418,-0.252669088258512,-0.598287754899254,-0.544952153988249,-0.825653418600892,0.628929222540968,-0.780964100002342,-1.27574685351852,0.432827154199891,-0.675421755732205,2.56281555692437,0
GSM1045294,0.0372126088332774,-1.10205828138828,-0.922272239358216,-0.963967800602063,-0.403602386664577,-0.906677242890493,2.29219959224839,-0.283453135474466,0.656177392741635,0.259167132286674,-0.193104839366091,0.278339681210851,-0.708327479809924,-0.826710883331735,-0.660447009461972,-0.930258890000968,-0.746322772768002,0.409693632155815,1.97680706647941,-0.122698371826545,0.951930373694605,-0.467820688920533,-0.139831317728398,-1.1760571322282,0.139237516784354,-0.598143507041939,-0.957625376157931,0.976071352231169,0.0694551030732032,0.725628327802476,-0.248894606309438,0.11231128080192,1.52687936532444,1.53209036550438,-0.019509827483942,-0.701145600565052,-0.478368976860356,-1.51657545321054,-0.461248097943316,-0.339646246596249,-0.401453111786533,3.81972952333982,-0.555607110348181,2.5626751585807,0.838877395255857,-0.393707209462198,-0.200968525088111,-0.206719253803479,-0.845738853960683,0.523088555357557,0.029865232653612,-0.541133974049107,0.0651516426568781,-0.170111388359912,-0.780510904626205,0.188130196456631,0
GSM1045295,-0.248650913060618,-0.808759921473479,-0.86782431718577,-0.808930782860788,-0.0426920596028691,-0.693623994195754,3.26542465533334,-0.650079877596841,0.120732851071128,0.618034023147847,0.0408099523557657,-0.478011935951464,-0.0462616333503527,-0.971456041619629,-0.48976088662032,-0.875245671785869,-0.461467429200234,0.11182854147684,1.13994919912962,-0.452155722946933,1.67239275104507,-0.835694077827698,0.471712882047885,-1.13860051683267,3.82358582445915,-0.67437344615083,-0.898922863518317,1.15330422174884,-0.642512007099864,0.548854895122575,0.361847208727226,-0.0379817294054134,0.438344162187062,1.18035294861022,-0.0327403701842955,-0.838950723823356,-0.510179554921294,0.00532125333737934,-0.421943656800435,-0.715206805070318,-0.602244744092315,2.29910438972822,-0.728380622110976,1.01394710184105,0.794937634744668,-0.397740968038861,-0.626606858133277,0.0924664665777557,-0.927877107308307,0.343274184392623,-0.0487836287920896,-0.849627543757706,-0.0716021624632727,0.189099238919157,-0.735640306160354,-0.0547935060608441,0
GSM1045296,0.634015424908443,-0.603965991453607,-1.16029720480692,-0.860488853826882,-0.242165633760681,-1.14248793495266,2.68177437901055,0.460347535453708,1.61770011611102,0.264072336233995,-0.110944465073036,-0.147585951632081,0.861194435008142,-1.08472636729569,-0.538589986599746,-1.16939595649024,-0.257948021985394,0.125198623817305,2.8442109930939,-0.799958548835685,1.65358683710214,-0.568256695774027,0.0598991677837472,-1.17477749501309,1.86028491631987,-1.07156193554742,-0.979703727545157,1.33154190736642,-0.754294389731032,1.49454279651428,1.40126529811439,-0.255595944583864,0.497492768235161,0.407754012065198,-0.149333678024561,-0.574293967880961,-0.346760584821091,-0.139464559247708,-0.571067612695279,-0.743027756428242,-0.471888718047611,1.60780689094494,-0.627560389685114,1.18157506729908,0.285635434780733,-0.884266129234845,-0.861164791276724,-0.497868211723511,-1.26478160227007,0.52552268970806,0.094897798926836,-0.701414253572507,0.276606088032599,-0.051140167318962,-0.82302262860738,-0.537125361088739,1
GSM1045297,-0.262629641510878,-0.780264234965175,-0.810892478993692,-0.654255608465397,-0.159153857872094,-0.621481032983489,3.44976804858381,0.0769915361670994,0.851962478469573,0.45932701910925,-0.183810370823286,-0.135192026461727,-0.0839639221311428,-0.831300075631489,-0.786095426834199,-0.710925421448994,-0.351368941837557,0.361679173989577,1.62312804678597,-0.584141873206361,-0.160660191368933,-0.730383336132168,0.0195157990430484,-0.414426430957009,4.53347202778986,-0.519543041137298,-0.805114961088051,0.947654981875058,-0.261352710098627,0.333687496831262,-0.296672912498989,-0.168379127560205,0.120073138560868,0.644022447317317,0.0932779682906538,-0.536778293397618,-0.187122212518634,-0.780815614642928,-0.764653023110626,-0.798914759414421,-0.442534996931456,1.1723158811658,-0.686086604933628,2.12891947881462,0.12985903108648,-0.488355794847282,-0.66152931674961,-0.117214342645182,-0.833049939627112,0.274023332110998,-0.265361266612789,-0.285939397095371,0.393391132807276,0.0306091333535736,-0.696944670100146,0.213629704481462,0
GSM1045298,-0.361888178557453,-0.618663595942963,-0.913572176213122,-0.70362041795374,-0.393659861617389,-1.07114265965319,4.15472063936233,-0.364066439761044,1.02926588956508,1.90867819038539,0.0273252189825361,-0.432300069756797,0.610227902235517,-1.1003127477278,-0.834463731850224,-0.739028898098415,-1.38319063230205,0.860523629938466,1.00581613831372,-0.491096420848011,0.988650950342057,-0.654529795632855,-0.169490456479788,-1.06724226527361,1.23323493617225,-0.222370563877775,-1.00476060607688,2.2367044030667,-0.648965201622495,0.979752624100935,0.85050075924258,-0.0371945706449975,0.709976980306574,0.50836013457421,-0.151555847786921,-0.551677294638404,-0.201424723468934,-0.195340260101074,-0.587983589184178,-0.468659000588464,-0.157166541975832,1.65099582723068,-0.68830974626756,-1.03344665363271,0.549920581713232,-0.610474741707191,-0.521965630657733,0.429427294543683,-1.09347666839668,0.529825797208304,-0.554537805430955,-0.525746501844092,0.567668565040562,0.264114942959711,-0.910798855330151,0.368431745616961,0
GSM1045299,-0.244895582748343,-0.638764926136683,-0.874944096083896,-0.868017704519102,-0.134800478415876,-0.388309049812106,3.61234733988633,-0.699525289830037,0.424388031780386,0.230338091836751,0.620351458961237,-0.997107877798687,-0.305770213097241,-0.785578813478081,-0.911204505107143,-0.921594681966218,-0.639288827790233,0.184545591375982,1.75117211548301,-0.549911381276566,0.400914335380834,-0.855555212086489,0.0578152491924487,-0.941340995263874,2.40002436848439,-0.515565986555586,-0.852290772517358,1.50766892731165,-0.0244798668440708,0.494238232136505,0.563016831242897,-0.325527061509948,0.328555919709744,1.13412951066979,-0.0464624119785712,-0.816921908794472,-1.02745670364116,-0.781997944377201,-0.321103984417831,-0.877605682142703,-0.618273016654222,2.18642716452919,-0.00236259552870504,1.99892395919529,0.326497115681309,-0.880639148325707,-0.368566024187582,-0.381346531053315,-0.850097240242146,0.39694216911701,1.84147270501035,-0.428270182561875,0.352692928245784,-0.38918832659393,-0.597513745647539,0.0498167237536131,0
GSM1045300,-0.702853904932622,-0.789044446793349,-0.653330677213189,-0.84312930299829,-0.172348954706201,-0.0811920710825733,3.01657139946604,0.343349362718401,0.0281270229776853,0.132388407962403,-0.0111548010770965,-0.714942272200072,-0.541817485658368,-0.678958527589901,-0.307770129863271,-0.751759472969617,-0.62677463470415,0.738175696249614,1.64500587588428,-0.626506170902279,-0.266453088473508,-0.997246090357094,0.369593134492209,-0.752994790711361,3.23443295940544,-0.783463060835477,-0.826512528360844,0.759041985975669,-0.605924880511067,-0.396613783269654,0.417831482863133,-0.387702938339241,-0.211167434122927,0.912099173214293,-0.407988154379249,-0.785711859216521,-0.178223877919606,-0.347196337885606,-0.426216254169839,-0.599637066958233,-0.407400182814474,1.11446737242152,-0.629025399064302,3.64717976648963,1.19971490972735,-0.964503827871276,-0.477182350174512,0.470092785788806,-0.899161228906675,0.301648350299568,0.684956891305529,-0.498241493742736,0.397917652958283,0.341964049093268,-0.593837523348253,0.189428724830314,0
GSM1045301,0.0721457691973655,-0.518719583303379,-1.00427981560236,-0.53815515814289,0.295546548242414,-0.291757896555831,4.06858106268868,-0.158599896016423,-1.8276390790455,0.364845567782833,0.336898531675496,-1.05886917067573,-0.127081283988463,-0.298300243049792,0.711441885144205,-0.330703761400023,-0.686392126692786,0.353178800228918,0.64080095182567,-0.461249388618206,0.235408773032207,-0.784433772699313,-2.07281070884774,-1.46852207925135,1.92500055597743,0.231722485046074,-0.676322580412073,0.015805175949932,0.0732396262879118,-0.0259136953742676,0.478521949104401,-0.407624381883168,0.693875588178228,0.732536946034287,-0.0679615322077014,-1.04879381428685,-0.40103780153157,0.0285082927841321,-0.235887060038362,-0.465345225944131,-0.307987853880084,2.48111568423511,-0.190518958344199,2.40251654985886,0.85944011252969,-0.781817513965067,0.162312465624814,-0.676138601582102,-0.588565847935369,0.764781841281521,-0.117395641817955,0.347713168902862,-0.0346766763574575,0.179375614964453,-0.857359287500794,0.0555464903734457,0
GSM1045302,-0.0988105050028516,-0.141387017711064,-0.104201012136773,0.045925177855609,0.579121666362083,0.416174788867157,1.7838340854714,-0.799043059226872,-0.0680796364606377,0.657703570677394,1.32026338651335,-0.721719739178249,-0.47424325756367,-0.115974421444542,0.198576656290809,-0.367879262583532,-0.741095224385648,1.40072799337687,-0.53757649851007,-0.251044109500298,-0.00962507934956462,-0.372849527455681,-1.2510798854168,-0.293650805852096,4.5970767811679,0.136055052238443,-0.264100808088463,0.838885393638636,-0.79581579958039,-0.967513785182679,-0.541648864280909,-0.260367410466456,-0.177985929645581,-0.722977368297722,-0.193769540133333,-0.313919470833619,-0.206000324778171,0.24217865293855,-0.205645368635589,0.00495282941308735,-0.533220883446067,-0.82771991288768,-0.41571262325106,3.73984518024739,-0.000623629644960219,-0.365015096959935,-0.0602332460041509,-0.436411512825099,-0.150326986294003,-0.84807773127479,-0.785827293230145,-0.14386384256566,-0.234505380176067,-0.507499347204324,-0.520717406458978,0.866437388865505,0
GSM1045304,0.124412048367805,-1.03639594246142,-1.05250529344668,-1.06484414810715,-0.345717143543488,-0.724813958679632,3.80245050783232,-0.325521722267117,0.67035589739263,0.931693659538994,-0.154489559586756,0.115170691390623,-0.487018921152806,-0.774243819024348,-1.00937823238442,-0.778414555849537,-0.556535737967757,0.364807627380963,1.14239376261256,-0.652030460107847,1.14986589690748,-0.978393094120234,1.03469202630581,-0.824561413315104,2.40344857532517,-0.817035720524629,-1.03005232041827,0.618970041615916,-0.187563352912384,0.509052621737184,0.298804128065445,-0.113951356747282,0.565128105685595,0.920340731240647,-0.159038392232685,-0.524985777387063,-0.636556820148487,-0.922011479855094,-0.452905198541707,-0.604745211726279,-0.6703979720632,1.81241086112152,-0.789944133103032,1.94825028065134,0.624352302179984,-0.684863471747433,-0.606857371718814,0.00091311648962435,-1.04853789807124,0.568798966357932,1.69277124329523,-0.720829763582816,0.290256300738987,-0.16536033657945,-0.7469735894662,0.058134776606615,0
GSM1045305,-0.12856827995938,-0.666413045369341,-0.68966510248547,-0.515461621682047,-0.250036511123792,-0.158737133142224,3.22589621848652,-0.261510431545969,-0.630324402114544,0.452802918944357,0.366382420712799,-0.490119308933862,-0.0320095432612494,-0.591918596093159,-0.481628155429515,-0.405473951552296,-0.425118982502589,0.938630430920263,-0.0421555929436301,-0.306999565137604,-0.257266412870279,-0.683043213436398,1.44806349489025,-0.0909361396643323,4.83758573321673,-0.533301159382518,-0.72256563709214,-0.0997288638384261,-0.558852917463396,0.0530640813929641,0.903153596158646,-0.171022305008108,-0.315683040360677,0.674306967650142,-0.224819332343897,-0.503541295715373,-0.800963774153812,-0.591661565270633,-0.1266124785669,-0.790722328453316,-0.583308166790344,0.777326317034155,-0.551689133895285,2.36867439217786,0.672088755028794,-0.717142596720234,-0.618358292679392,-0.36673225927771,-0.564739435014239,-0.0377280028015105,0.626413768280447,-0.640668835856349,-0.164361442172262,-0.362850893607036,-0.413535805707846,0.223586456525162,0
GSM1045306,0.171423422078069,-0.520030786190122,-0.88554488745449,-0.67275894269762,-0.0733787189951912,-0.454895424645278,3.87153525453675,-0.978975531311749,1.10031352461358,0.449385417928018,0.197872447329488,-0.383080871182803,0.856199545712087,-0.74151158942061,-0.874664142111229,-0.653036660115829,-0.606685751434168,-0.31361009153955,0.625316400408509,-0.548237193176987,0.517708157033049,-0.689664644581223,0.822262317623054,-0.610709382581268,3.95398166138239,-0.628403018064881,-0.676613619254659,1.93047622769425,-0.248687234969324,0.107425251058133,-0.321672519533014,0.0818092009104917,0.268215550891158,0.686456172586748,-0.107271496919212,-0.628936548283144,-0.100932626963934,-0.143629755646685,-0.495335040014343,-0.497240442453047,-0.35008237907433,0.925408310836299,-0.677860003920985,-1.68504486652394,1.18536447917233,-0.193935990750236,-0.939239429728651,0.0936958783854704,-0.79372011958844,0.28931755463044,-0.445586430059775,-0.575491221912317,0.204158573796984,0.535150394140282,-0.463901343369476,0.106892961720936,0
GSM1045310,-0.439212002528893,-0.667377461292448,-0.988854904551784,-0.696926899442883,-0.608641519959984,-0.928325607673345,4.35246742442306,0.567397097179959,0.566282334526829,0.949800489036298,0.0629807715538723,-0.285124623001051,-0.0772181486633575,-0.809145544211476,-0.460824061109168,-0.792046185209458,-0.697110659928287,0.865120080992512,1.37872514843143,-0.786260361307753,0.833987333315602,-0.662801282361902,-0.201411266556208,-0.765462503059053,2.58825231949996,-0.783869215832443,-0.912674274332005,0.854517012703634,-0.321212501903624,0.629298617230559,0.0220653850167838,-0.184061142776411,0.724942754800725,1.18752815954206,-0.50400758642538,-0.767610132784395,-0.736335660984997,-1.08371886811703,-0.596170638460049,-0.328407315868224,-0.346173811339012,1.85448905635503,-0.270753684729845,1.49105465596265,0.369630573991085,-0.327997654146064,-0.355583680941334,-0.282764011477099,-1.00228610131501,0.270447179318138,-0.229262909985432,-0.579889364825168,1.12127946544129,-0.164963267147664,-0.750503866104613,-0.295277138968622,0
GSM1045311,-0.362542885571558,-0.64712950270771,-0.950205446454886,-0.814651671975864,-0.354896296075754,-0.813399690519014,3.62204198303038,-0.882057115039884,0.759371652589652,0.746241373914586,0.277533846304345,-0.411519351208449,-0.288763958674369,-0.904302019319972,-0.55752710180724,-0.784068209321286,-0.166615527706372,0.506751597185596,1.21226520691803,-0.68236984133291,2.07561553925957,-0.782574739804536,0.539867994417709,-0.800746190569031,3.31692237904446,-0.90943879988319,-0.872627339403395,1.09457864939014,-0.539878884882966,0.0856634489392637,1.59216286778409,-0.121134318098154,0.657547921530483,0.745555735462798,-0.486408628252354,-0.650044945138892,-0.665516242819723,-0.378017281205892,-0.646179454550111,-0.629967213018581,-0.583358125919842,1.41605885891336,-0.6658685114661,1.23568725351278,0.602714084989643,-0.552895730441617,-0.491039198645521,-0.284301809264565,-0.960325002798796,0.322955057101797,0.0399779543703696,-0.522312912702476,0.154082095862652,0.0455733182418717,-0.76548538006773,-0.120999492114837,0
